at,name,state,sync,byte_lag,replay_s
38193.508070708,follower1,streaming,async,376.0,0.000148
38193.508070708,follower2,streaming,async,376.0,0.000131
38193.559098291,follower1,streaming,async,176.0,6.8e-05
38193.559098291,follower2,streaming,async,176.0,4.8e-05
38193.610320791,follower1,streaming,async,176.0,9.4e-05
38193.610320791,follower2,streaming,async,176.0,5.6e-05
38193.664641583,follower1,streaming,async,0.0,0.000197
38193.664641583,follower2,streaming,async,176.0,0.000244
38193.715305333,follower1,streaming,async,176.0,3.8e-05
38193.715305333,follower2,streaming,async,176.0,4.3e-05
38193.767096166,follower1,streaming,async,176.0,4.3e-05
38193.767096166,follower2,streaming,async,176.0,0.000419
38193.82286,follower1,streaming,async,176.0,0.000173
38193.82286,follower2,streaming,async,176.0,6.9e-05
38193.873090208,follower1,streaming,async,176.0,0.000208
38193.873090208,follower2,streaming,async,176.0,0.000233
38193.924611208,follower1,streaming,async,352.0,9.5e-05
38193.924611208,follower2,streaming,async,176.0,0.000317
38193.9749885,follower1,streaming,async,176.0,0.000168
38193.9749885,follower2,streaming,async,176.0,5.5e-05
38194.025671416,follower1,streaming,async,176.0,4.1e-05
38194.025671416,follower2,streaming,async,176.0,0.000172
38194.076228875,follower1,streaming,async,176.0,8.3e-05
38194.076228875,follower2,streaming,async,176.0,0.000107
38194.1305905,follower1,streaming,async,280.0,0.000366
38194.1305905,follower2,streaming,async,280.0,0.000392
38194.185381166,follower1,streaming,async,176.0,0.000499
38194.185381166,follower2,streaming,async,376.0,0.000495
38194.239210833,follower1,streaming,async,0.0,0.000343
38194.239210833,follower2,streaming,async,176.0,0.000373
38194.293889291,follower1,streaming,async,176.0,0.000424
38194.293889291,follower2,streaming,async,176.0,0.000464
38194.348275083,follower1,streaming,async,176.0,4.2e-05
38194.348275083,follower2,streaming,async,176.0,6.8e-05
38194.402911083,follower1,streaming,async,176.0,9.7e-05
38194.402911083,follower2,streaming,async,176.0,0.00049
38194.457402458,follower1,streaming,async,176.0,0.000378
38194.457402458,follower2,streaming,async,176.0,0.000583
38194.512157416,follower1,streaming,async,0.0,0.000216
38194.512157416,follower2,streaming,async,176.0,0.000232
38194.567566458,follower1,streaming,async,176.0,0.000197
38194.567566458,follower2,streaming,async,176.0,0.00022
38194.621503625,follower1,streaming,async,176.0,6.3e-05
38194.621503625,follower2,streaming,async,176.0,6.4e-05
38194.672193916,follower1,streaming,async,280.0,0.000376
38194.672193916,follower2,streaming,async,280.0,0.000374
38194.724150416,follower1,streaming,async,176.0,4e-05
38194.724150416,follower2,streaming,async,176.0,0.000181
38194.778610666,follower1,streaming,async,0.0,0.000307
38194.778610666,follower2,streaming,async,0.0,0.000355
38194.83330775,follower1,streaming,async,200.0,5.1e-05
38194.83330775,follower2,streaming,async,200.0,5.3e-05
38194.88835375,follower1,streaming,async,376.0,0.000129
38194.88835375,follower2,streaming,async,176.0,0.000349
38194.938898541,follower1,streaming,async,176.0,0.000181
38194.938898541,follower2,streaming,async,176.0,3.7e-05
38194.98919625,follower1,streaming,async,176.0,7.9e-05
38194.98919625,follower2,streaming,async,176.0,0.000198
38195.041667041,follower1,streaming,async,176.0,0.000174
38195.041667041,follower2,streaming,async,352.0,0.000116
38195.09212525,follower1,streaming,async,176.0,7e-05
38195.09212525,follower2,streaming,async,176.0,8.9e-05
38195.142640583,follower1,streaming,async,176.0,0.000275
38195.142640583,follower2,streaming,async,352.0,5.1e-05
38195.193405083,follower1,streaming,async,176.0,0.000207
38195.193405083,follower2,streaming,async,176.0,0.000147
38195.243757041,follower1,streaming,async,176.0,6.6e-05
38195.243757041,follower2,streaming,async,176.0,9.9e-05
38195.294685083,follower1,streaming,async,176.0,9.3e-05
38195.294685083,follower2,streaming,async,176.0,0.000639
38195.349238333,follower1,streaming,async,176.0,0.001244
38195.349238333,follower2,streaming,async,176.0,0.000167
38195.4032215,follower1,streaming,async,176.0,0.000269
38195.4032215,follower2,streaming,async,176.0,6.3e-05
38195.454071416,follower1,streaming,async,176.0,3.9e-05
38195.454071416,follower2,streaming,async,176.0,5.8e-05
38195.505932583,follower1,streaming,async,0.0,0.000356
38195.505932583,follower2,streaming,async,176.0,0.000351
38195.560563875,follower1,streaming,async,176.0,3.4e-05
38195.560563875,follower2,streaming,async,0.0,0.000266
38195.615010083,follower1,streaming,async,176.0,0.00031
38195.615010083,follower2,streaming,async,176.0,0.00025
38195.665782125,follower1,streaming,async,176.0,0.000243
38195.665782125,follower2,streaming,async,176.0,0.000187
38195.718465166,follower1,streaming,async,0.0,0.000365
38195.718465166,follower2,streaming,async,176.0,0.000327
38195.772603166,follower1,streaming,async,176.0,4e-05
38195.772603166,follower2,streaming,async,0.0,0.000341
38195.827582916,follower1,streaming,async,176.0,0.000663
38195.827582916,follower2,streaming,async,176.0,0.000468
38195.877951,follower1,streaming,async,176.0,0.000193
38195.877951,follower2,streaming,async,352.0,5.6e-05
38195.931010125,follower1,streaming,async,176.0,0.00038
38195.931010125,follower2,streaming,async,176.0,3.5e-05
38195.984803333,follower1,streaming,async,176.0,3.8e-05
38195.984803333,follower2,streaming,async,176.0,0.000116
38196.039453083,follower1,streaming,async,176.0,0.000417
38196.039453083,follower2,streaming,async,176.0,4.3e-05
38196.09079875,follower1,streaming,async,352.0,0.000233
38196.09079875,follower2,streaming,async,176.0,0.000211
38196.144193041,follower1,streaming,async,176.0,5e-05
38196.144193041,follower2,streaming,async,176.0,0.000378
38196.197144458,follower1,streaming,async,0.0,0.000338
38196.197144458,follower2,streaming,async,176.0,5.4e-05
38196.248585458,follower1,streaming,async,176.0,0.000194
38196.248585458,follower2,streaming,async,176.0,0.000201
38196.300044166,follower1,streaming,async,176.0,0.000238
38196.300044166,follower2,streaming,async,176.0,4.5e-05
38196.350751791,follower1,streaming,async,176.0,0.000274
38196.350751791,follower2,streaming,async,176.0,0.000312
38196.401171416,follower1,streaming,async,352.0,5e-05
38196.401171416,follower2,streaming,async,176.0,0.00021
38196.452168208,follower1,streaming,async,176.0,7e-05
38196.452168208,follower2,streaming,async,176.0,0.00012
38196.502552791,follower1,streaming,async,0.0,0.000211
38196.502552791,follower2,streaming,async,0.0,0.000176
38196.555177625,follower1,streaming,async,176.0,0.00022
38196.555177625,follower2,streaming,async,176.0,0.000101
38196.609522458,follower1,streaming,async,352.0,0.000108
38196.609522458,follower2,streaming,async,176.0,0.000305
38196.66421625,follower1,streaming,async,176.0,0.000491
38196.66421625,follower2,streaming,async,176.0,0.000165
38196.714443,follower1,streaming,async,176.0,4.3e-05
38196.714443,follower2,streaming,async,0.0,0.000189
38196.766221916,follower1,streaming,async,176.0,9.3e-05
38196.766221916,follower2,streaming,async,176.0,6.9e-05
38196.816877041,follower1,streaming,async,176.0,0.000179
38196.816877041,follower2,streaming,async,176.0,5.9e-05
38196.870784708,follower1,streaming,async,176.0,-1.0
38196.870784708,follower2,streaming,async,176.0,0.000199
38196.921614833,follower1,streaming,async,176.0,4.8e-05
38196.921614833,follower2,streaming,async,0.0,0.000191
38196.972849375,follower1,streaming,async,176.0,0.000126
38196.972849375,follower2,streaming,async,176.0,3.5e-05
38197.023583375,follower1,streaming,async,176.0,0.000176
38197.023583375,follower2,streaming,async,176.0,0.000221
38197.076634083,follower1,streaming,async,0.0,0.000302
38197.076634083,follower2,streaming,async,0.0,0.000243
38197.127268791,follower1,streaming,async,176.0,3.9e-05
38197.127268791,follower2,streaming,async,176.0,0.00017
38197.179024583,follower1,streaming,async,176.0,0.000322
38197.179024583,follower2,streaming,async,176.0,0.000327
38197.234233916,follower1,streaming,async,176.0,3.7e-05
38197.234233916,follower2,streaming,async,176.0,0.000193
38197.284647208,follower1,streaming,async,176.0,0.00016
38197.284647208,follower2,streaming,async,176.0,0.000208
38197.33982575,follower1,streaming,async,176.0,7.4e-05
38197.33982575,follower2,streaming,async,176.0,5.7e-05
38197.390162083,follower1,streaming,async,176.0,0.000215
38197.390162083,follower2,streaming,async,456.0,0.000231
38197.440762958,follower1,streaming,async,0.0,0.000162
38197.440762958,follower2,streaming,async,0.0,0.000195
38197.494153458,follower1,streaming,async,176.0,0.000366
38197.494153458,follower2,streaming,async,176.0,0.000321
38197.548468625,follower1,streaming,async,176.0,0.000101
38197.548468625,follower2,streaming,async,176.0,7.8e-05
38197.599623875,follower1,streaming,async,176.0,0.000226
38197.599623875,follower2,streaming,async,176.0,0.000181
38197.6502955,follower1,streaming,async,280.0,4e-05
38197.6502955,follower2,streaming,async,280.0,0.000178
38197.700757166,follower1,streaming,async,176.0,0.00021
38197.700757166,follower2,streaming,async,176.0,0.000207
38197.75104575,follower1,streaming,async,200.0,3.7e-05
38197.75104575,follower2,streaming,async,200.0,0.000388
38197.801867458,follower1,streaming,async,176.0,0.000283
38197.801867458,follower2,streaming,async,176.0,4.2e-05
38197.853745375,follower1,streaming,async,0.0,0.000203
38197.853745375,follower2,streaming,async,0.0,0.000161
38197.906116,follower1,streaming,async,176.0,3.5e-05
38197.906116,follower2,streaming,async,176.0,4.1e-05
38197.960924041,follower1,streaming,async,0.0,0.000321
38197.960924041,follower2,streaming,async,0.0,0.000344
38198.01233875,follower1,streaming,async,176.0,4.1e-05
38198.01233875,follower2,streaming,async,176.0,0.000176
38198.064982541,follower1,streaming,async,456.0,3.4e-05
38198.064982541,follower2,streaming,async,456.0,4.8e-05
38198.11935725,follower1,streaming,async,176.0,0.000203
38198.11935725,follower2,streaming,async,176.0,-1.0
38198.169601125,follower1,streaming,async,176.0,3.8e-05
38198.169601125,follower2,streaming,async,176.0,7.2e-05
38198.221309833,follower1,streaming,async,0.0,0.000222
38198.221309833,follower2,streaming,async,0.0,0.000176
38198.274155041,follower1,streaming,async,176.0,3.2e-05
38198.274155041,follower2,streaming,async,176.0,3.5e-05
38198.325815458,follower1,streaming,async,176.0,3.2e-05
38198.325815458,follower2,streaming,async,176.0,3.7e-05
38198.380430875,follower1,streaming,async,176.0,0.000183
38198.380430875,follower2,streaming,async,176.0,6.3e-05
38198.433557875,follower1,streaming,async,176.0,7.3e-05
38198.433557875,follower2,streaming,async,352.0,0.000302
38198.484085583,follower1,streaming,async,176.0,0.000164
38198.484085583,follower2,streaming,async,176.0,0.000211
38198.534420708,follower1,streaming,async,176.0,3.5e-05
38198.534420708,follower2,streaming,async,176.0,0.000362
38198.58899,follower1,streaming,async,176.0,0.000204
38198.58899,follower2,streaming,async,0.0,0.000186
38198.639319833,follower1,streaming,async,0.0,0.000202
38198.639319833,follower2,streaming,async,176.0,3.8e-05
38198.689821583,follower1,streaming,async,352.0,0.000204
38198.689821583,follower2,streaming,async,176.0,0.000224
38198.742709375,follower1,streaming,async,176.0,0.000433
38198.742709375,follower2,streaming,async,176.0,0.00042
38198.793447333,follower1,streaming,async,176.0,0.000173
38198.793447333,follower2,streaming,async,176.0,0.000223
38198.848498458,follower1,streaming,async,352.0,0.000182
38198.848498458,follower2,streaming,async,176.0,0.000171
38198.898818875,follower1,streaming,async,176.0,0.000181
38198.898818875,follower2,streaming,async,352.0,0.000273
38198.952682083,follower1,streaming,async,176.0,0.000183
38198.952682083,follower2,streaming,async,176.0,5.9e-05
38199.003562583,follower1,streaming,async,176.0,0.000354
38199.003562583,follower2,streaming,async,176.0,4.4e-05
38199.057620416,follower1,streaming,async,176.0,0.00021
38199.057620416,follower2,streaming,async,176.0,3.2e-05
38199.112401833,follower1,streaming,async,176.0,0.000454
38199.112401833,follower2,streaming,async,352.0,0.00043
38199.166703541,follower1,streaming,async,1112.0,0.00028
38199.166703541,follower2,streaming,async,176.0,5.6e-05
38199.221245416,follower1,streaming,async,176.0,6.7e-05
38199.221245416,follower2,streaming,async,176.0,0.000334
38199.271677916,follower1,streaming,async,0.0,0.000195
38199.271677916,follower2,streaming,async,0.0,0.000226
38199.324938166,follower1,streaming,async,280.0,7.5e-05
38199.324938166,follower2,streaming,async,280.0,3.6e-05
38199.378663083,follower1,streaming,async,0.0,0.000192
38199.378663083,follower2,streaming,async,176.0,0.000196
38199.431846208,follower1,streaming,async,176.0,0.00028
38199.431846208,follower2,streaming,async,176.0,0.000186
38199.485758958,follower1,streaming,async,176.0,0.000163
38199.485758958,follower2,streaming,async,176.0,0.000363
38199.53756775,follower1,streaming,async,176.0,8.6e-05
38199.53756775,follower2,streaming,async,176.0,0.00018
38199.588170958,follower1,streaming,async,176.0,0.000159
38199.588170958,follower2,streaming,async,176.0,0.000194
38199.640133625,follower1,streaming,async,176.0,4.6e-05
38199.640133625,follower2,streaming,async,176.0,0.000252
38199.694212208,follower1,streaming,async,200.0,6.2e-05
38199.694212208,follower2,streaming,async,200.0,3.8e-05
38199.745248708,follower1,streaming,async,176.0,4e-05
38199.745248708,follower2,streaming,async,176.0,3.6e-05
38199.79714225,follower1,streaming,async,176.0,0.000304
38199.79714225,follower2,streaming,async,176.0,9.2e-05
38199.8476765,follower1,streaming,async,176.0,0.000232
38199.8476765,follower2,streaming,async,0.0,0.000173
38199.900084875,follower1,streaming,async,176.0,0.000354
38199.900084875,follower2,streaming,async,352.0,4.7e-05
38199.954611958,follower1,streaming,async,176.0,0.000121
38199.954611958,follower2,streaming,async,176.0,5.5e-05
38200.00516125,follower1,streaming,async,280.0,4.8e-05
38200.00516125,follower2,streaming,async,0.0,0.000203
38200.059289791,follower1,streaming,async,352.0,0.000591
38200.059289791,follower2,streaming,async,176.0,0.00018
38200.109765291,follower1,streaming,async,176.0,0.000389
38200.109765291,follower2,streaming,async,176.0,5.6e-05
38200.163343666,follower1,streaming,async,176.0,0.000198
38200.163343666,follower2,streaming,async,176.0,0.000189
38200.21362525,follower1,streaming,async,0.0,-1.0
38200.21362525,follower2,streaming,async,176.0,7.6e-05
38200.263902333,follower1,streaming,async,176.0,5.9e-05
38200.263902333,follower2,streaming,async,176.0,4e-05
38200.318974041,follower1,streaming,async,0.0,0.000202
38200.318974041,follower2,streaming,async,0.0,0.000228
38200.371090041,follower1,streaming,async,176.0,0.000183
38200.371090041,follower2,streaming,async,176.0,5.5e-05
38200.421372,follower1,streaming,async,0.0,0.000213
38200.421372,follower2,streaming,async,0.0,0.000198
38200.474986875,follower1,streaming,async,280.0,0.000191
38200.474986875,follower2,streaming,async,280.0,3.6e-05
38200.525811333,follower1,streaming,async,176.0,0.000209
38200.525811333,follower2,streaming,async,176.0,5e-05
38200.579999333,follower1,streaming,async,176.0,0.000222
38200.579999333,follower2,streaming,async,176.0,0.000206
38200.632345458,follower1,streaming,async,176.0,4.4e-05
38200.632345458,follower2,streaming,async,176.0,4.6e-05
38200.6826905,follower1,streaming,async,176.0,7.1e-05
38200.6826905,follower2,streaming,async,176.0,0.000193
38200.733151583,follower1,streaming,async,176.0,0.000214
38200.733151583,follower2,streaming,async,176.0,0.000205
38200.783566041,follower1,streaming,async,176.0,3.9e-05
38200.783566041,follower2,streaming,async,176.0,4.8e-05
38200.833987166,follower1,streaming,async,0.0,0.000205
38200.833987166,follower2,streaming,async,0.0,0.000186
38200.8845545,follower1,streaming,async,376.0,0.00065
38200.8845545,follower2,streaming,async,376.0,4.5e-05
38200.935197,follower1,streaming,async,0.0,0.000241
38200.935197,follower2,streaming,async,0.0,0.000192
38200.987887916,follower1,streaming,async,176.0,0.000194
38200.987887916,follower2,streaming,async,176.0,6.1e-05
38201.039605041,follower1,streaming,async,176.0,6.2e-05
38201.039605041,follower2,streaming,async,176.0,4.1e-05
38201.094219666,follower1,streaming,async,176.0,0.000344
38201.094219666,follower2,streaming,async,0.0,0.000395
38201.144815375,follower1,streaming,async,176.0,3.9e-05
38201.144815375,follower2,streaming,async,176.0,0.000255
38201.197526916,follower1,streaming,async,176.0,0.000456
38201.197526916,follower2,streaming,async,176.0,0.000101
38201.249610583,follower1,streaming,async,176.0,8.5e-05
38201.249610583,follower2,streaming,async,176.0,0.000152
38201.300298875,follower1,streaming,async,176.0,4.8e-05
38201.300298875,follower2,streaming,async,176.0,0.000203
38201.351463416,follower1,streaming,async,176.0,0.000183
38201.351463416,follower2,streaming,async,176.0,0.000214
38201.401849708,follower1,streaming,async,176.0,3.7e-05
38201.401849708,follower2,streaming,async,176.0,0.000253
38201.4521545,follower1,streaming,async,176.0,0.000183
38201.4521545,follower2,streaming,async,176.0,0.000191
38201.505217958,follower1,streaming,async,176.0,0.000198
38201.505217958,follower2,streaming,async,176.0,7.1e-05
38201.556252791,follower1,streaming,async,0.0,0.000381
38201.556252791,follower2,streaming,async,0.0,0.000479
38201.609665875,follower2,streaming,async,176.0,0.000113
38201.664239041,follower2,streaming,async,176.0,8.4e-05
38201.718810125,follower2,streaming,async,176.0,0.000209
38201.7691705,follower2,streaming,async,176.0,0.000129
38201.820484833,follower2,streaming,async,352.0,5.1e-05
38201.871484,follower2,streaming,async,176.0,4.8e-05
38201.921738416,follower2,streaming,async,0.0,0.000158
38201.972055375,follower2,streaming,async,0.0,0.000144
38202.022367916,follower2,streaming,async,0.0,0.000162
38202.076270375,follower2,streaming,async,176.0,0.000331
38202.127171041,follower2,streaming,async,176.0,5e-05
38202.177409041,follower2,streaming,async,176.0,0.000141
38202.227827875,follower2,streaming,async,176.0,0.000285
38202.282229833,follower2,streaming,async,352.0,0.000326
38202.336815791,follower2,streaming,async,176.0,0.000221
38202.38736925,follower2,streaming,async,176.0,0.000139
38202.439726333,follower2,streaming,async,176.0,5.9e-05
38202.494158833,follower2,streaming,async,176.0,0.000307
38202.54489775,follower2,streaming,async,176.0,5.1e-05
38202.595199416,follower2,streaming,async,176.0,4.5e-05
38202.64560725,follower2,streaming,async,0.0,0.000167
38202.695883166,follower2,streaming,async,176.0,0.000162
38202.748978041,follower2,streaming,async,176.0,0.000206
38202.803384583,follower2,streaming,async,176.0,3.8e-05
38202.858629833,follower2,streaming,async,176.0,0.00026
38202.9129765,follower2,streaming,async,176.0,0.000168
38202.967339416,follower2,streaming,async,0.0,0.000157
38203.022164666,follower2,streaming,async,176.0,0.000148
38203.073226583,follower2,streaming,async,0.0,0.000157
38203.127992166,follower2,streaming,async,176.0,5.1e-05
38203.179188083,follower2,streaming,async,176.0,0.000167
38203.233591708,follower2,streaming,async,176.0,0.000144
38203.288122125,follower2,streaming,async,176.0,8e-05
38203.342860666,follower2,streaming,async,0.0,0.000148
38203.395187916,follower2,streaming,async,0.0,0.000175
38203.445749125,follower2,streaming,async,280.0,0.000158
38203.500425875,follower2,streaming,async,176.0,0.000136
38203.552209125,follower2,streaming,async,176.0,4.2e-05
38203.603972791,follower2,streaming,async,176.0,0.000203
38203.658595708,follower2,streaming,async,176.0,0.000135
38203.713175166,follower2,streaming,async,0.0,0.000155
38203.763427458,follower2,streaming,async,176.0,0.00017
38203.815474541,follower2,streaming,async,176.0,6.5e-05
38203.865952,follower2,streaming,async,176.0,0.000156
38203.918839208,follower2,streaming,async,176.0,5.7e-05
38203.969182875,follower2,streaming,async,0.0,0.000188
38204.021591583,follower2,streaming,async,0.0,0.000138
38204.072106666,follower2,streaming,async,176.0,0.000157
38204.122439166,follower2,streaming,async,176.0,0.000165
38204.173809625,follower2,streaming,async,176.0,0.000322
38204.227639041,follower2,streaming,async,176.0,9.5e-05
38204.28213775,follower2,streaming,async,176.0,9.4e-05
38204.336661416,follower2,streaming,async,176.0,0.000162
38204.387207583,follower2,streaming,async,176.0,0.000168
38204.437495333,follower2,streaming,async,176.0,0.000143
38204.488328875,follower2,streaming,async,176.0,0.000535
38204.542849083,follower2,streaming,async,176.0,0.000144
38204.597483375,follower2,streaming,async,176.0,0.000174
38204.652236666,follower2,streaming,async,280.0,0.000421
38204.706899666,follower2,streaming,async,0.0,0.000176
38204.760995958,follower2,streaming,async,176.0,0.000327
38204.811477541,follower2,streaming,async,176.0,0.000147
38204.864190875,follower2,streaming,async,176.0,0.000223
38204.919726416,follower2,streaming,async,0.0,0.000178
38204.973039958,follower2,streaming,async,176.0,4.5e-05
38205.028526,follower2,streaming,async,176.0,3.4e-05
38205.082746958,follower2,streaming,async,0.0,0.000169
38205.133075791,follower2,streaming,async,176.0,3.2e-05
38205.183452041,follower2,streaming,async,176.0,0.000163
38205.23438425,follower2,streaming,async,176.0,0.000189
38205.2888705,follower2,streaming,async,0.0,0.000201
38205.339536541,follower2,streaming,async,176.0,0.000162
38205.389911166,follower2,streaming,async,0.0,0.000142
38205.440838708,follower2,streaming,async,176.0,0.000167
38205.494449583,follower2,streaming,async,176.0,4.6e-05
38205.548933583,follower2,streaming,async,0.0,0.000235
38205.599889375,follower2,streaming,async,176.0,0.000149
38205.650196583,follower2,streaming,async,0.0,0.000155
38205.702868291,follower2,streaming,async,0.0,0.000195
38205.753216416,follower2,streaming,async,176.0,0.000142
38205.804248708,follower2,streaming,async,176.0,0.000177
38205.855311583,follower2,streaming,async,176.0,5.3e-05
38205.905701666,follower2,streaming,async,0.0,0.000178
38205.955908666,follower2,streaming,async,176.0,0.000154
38206.010150916,follower2,streaming,async,0.0,0.0002
38206.064060083,follower2,streaming,async,176.0,0.000177
38206.114523708,follower2,streaming,async,176.0,0.00013
38206.167540291,follower2,streaming,async,176.0,0.000249
38206.221751375,follower2,streaming,async,0.0,0.000243
38206.276635333,follower2,streaming,async,176.0,0.000164
38206.327045708,follower2,streaming,async,176.0,0.000146
38206.377344541,follower2,streaming,async,176.0,0.000155
38206.42764425,follower2,streaming,async,0.0,0.000186
38206.483041708,follower2,streaming,async,0.0,0.000169
38206.533822208,follower2,streaming,async,0.0,0.00017
38206.5840665,follower2,streaming,async,352.0,0.000156
38206.637968541,follower2,streaming,async,176.0,0.000175
38206.68834,follower2,streaming,async,176.0,9.1e-05
38206.742973916,follower2,streaming,async,0.0,0.000159
38206.794853791,follower2,streaming,async,0.0,0.000138
38206.849390416,follower2,streaming,async,176.0,5.5e-05
38206.900740875,follower2,streaming,async,352.0,5.1e-05
38206.95229375,follower2,streaming,async,176.0,0.000141
38207.003003916,follower2,streaming,async,176.0,0.000165
38207.053414583,follower2,streaming,async,0.0,0.000174
38207.103847166,follower2,streaming,async,176.0,0.000131
38207.155411333,follower2,streaming,async,0.0,0.000221
38207.209996416,follower2,streaming,async,280.0,0.000285
38207.260291875,follower2,streaming,async,176.0,0.000184
38207.312618166,follower2,streaming,async,176.0,0.000144
38207.362851625,follower2,streaming,async,0.0,0.000167
38207.415685375,follower2,streaming,async,280.0,5.5e-05
38207.470139291,follower2,streaming,async,176.0,8.3e-05
38207.525214,follower2,streaming,async,0.0,0.000188
38207.575448541,follower2,streaming,async,176.0,0.000166
38207.62845825,follower2,streaming,async,176.0,0.000149
38207.679121958,follower2,streaming,async,0.0,0.000177
38207.730755875,follower2,streaming,async,352.0,0.000289
38207.785344666,follower2,streaming,async,176.0,0.000217
38207.839899875,follower2,streaming,async,176.0,0.000327
38207.890569125,follower2,streaming,async,176.0,0.000161
38207.9408085,follower2,streaming,async,176.0,0.00013
38207.991345958,follower2,streaming,async,176.0,4.1e-05
38208.045939916,follower2,streaming,async,280.0,4.7e-05
38208.096459333,follower2,streaming,async,176.0,4e-05
38208.149069708,follower2,streaming,async,176.0,4.3e-05
38208.204220583,follower2,streaming,async,176.0,0.00018
38208.2545775,follower2,streaming,async,176.0,0.000157
38208.304955708,follower2,streaming,async,0.0,0.000147
38208.356169625,follower2,streaming,async,176.0,0.000165
38208.406409416,follower2,streaming,async,176.0,0.00015
38208.456658458,follower2,streaming,async,176.0,0.000208
38208.507439416,follower2,streaming,async,176.0,0.000157
38208.561433416,follower2,streaming,async,176.0,3.5e-05
38208.611774083,follower2,streaming,async,176.0,0.000167
38208.661993041,follower2,streaming,async,176.0,0.000173
38208.713348125,follower2,streaming,async,176.0,0.000163
38208.767809333,follower2,streaming,async,176.0,0.000173
38208.821172041,follower2,streaming,async,176.0,3.9e-05
38208.871844291,follower2,streaming,async,0.0,0.000168
38208.925178708,follower2,streaming,async,0.0,0.001361
38208.976529666,follower2,streaming,async,176.0,0.000183
38209.026967166,follower2,streaming,async,0.0,0.000167
38209.077399791,follower2,streaming,async,0.0,0.000152
38209.130941458,follower2,streaming,async,0.0,0.000183
38209.185431708,follower2,streaming,async,176.0,8e-05
38209.239945833,follower2,streaming,async,176.0,2.7e-05
38209.294587791,follower2,streaming,async,200.0,4.6e-05
38209.34955375,follower2,streaming,async,0.0,0.000268
38209.40409075,follower2,streaming,async,0.0,0.00018
38209.454473625,follower2,streaming,async,0.0,0.000205
38209.506813333,follower2,streaming,async,0.0,0.00025
38209.561160666,follower2,streaming,async,176.0,7.7e-05
38209.61176275,follower2,streaming,async,176.0,3.8e-05
38209.664422083,follower2,streaming,async,176.0,0.000204
38209.7187715,follower2,streaming,async,176.0,0.00027
38209.773540208,follower2,streaming,async,176.0,3.5e-05
38209.827850458,follower2,streaming,async,176.0,4e-05
38209.882401708,follower2,streaming,async,176.0,0.000155
38209.937427541,follower2,streaming,async,0.0,0.000332
38209.991499791,follower2,streaming,async,176.0,2.3e-05
38210.046081375,follower2,streaming,async,176.0,0.000326
38210.100914625,follower2,streaming,async,176.0,4.6e-05
38210.155515333,follower2,streaming,async,176.0,0.000179
38210.210184416,follower2,streaming,async,176.0,5.9e-05
38210.262545916,follower2,streaming,async,176.0,7.1e-05
38210.313391708,follower2,streaming,async,0.0,0.000252
38210.363812541,follower2,streaming,async,176.0,0.000169
38210.416270916,follower2,streaming,async,176.0,3.8e-05
38210.470298041,follower2,streaming,async,176.0,0.000339
38210.525276791,follower2,streaming,async,0.0,0.000262
38210.579497833,follower2,streaming,async,352.0,4.2e-05
38210.634007958,follower2,streaming,async,280.0,0.000231
38210.684655541,follower2,streaming,async,176.0,0.000179
38210.737485375,follower2,streaming,async,0.0,0.00032
38210.792128041,follower2,streaming,async,352.0,0.000199
38210.846164916,follower2,streaming,async,200.0,4.1e-05
38210.900784458,follower2,streaming,async,176.0,6.4e-05
38210.951367333,follower2,streaming,async,176.0,0.000147
38211.004611375,follower2,streaming,async,176.0,0.000142
38211.055421958,follower2,streaming,async,176.0,0.000125
38211.107103833,follower2,streaming,async,176.0,0.000296
38211.161375083,follower2,streaming,async,176.0,2.9e-05
38211.211849,follower2,streaming,async,176.0,0.00014
38211.265388375,follower2,streaming,async,176.0,0.00015
38211.319232416,follower2,streaming,async,0.0,0.000168
38211.372309833,follower2,streaming,async,176.0,0.000183
38211.422702666,follower2,streaming,async,176.0,0.000175
38211.472984083,follower2,streaming,async,176.0,4.7e-05
38211.523248791,follower2,streaming,async,0.0,0.000192
38211.573508958,follower2,streaming,async,176.0,6.2e-05
38211.628459375,follower2,streaming,async,176.0,0.000129
38211.679168958,follower2,streaming,async,176.0,0.000148
38211.731751375,follower2,streaming,async,0.0,0.000257
38211.782342458,follower2,streaming,async,176.0,0.000217
38211.836180541,follower2,streaming,async,176.0,0.000212
38211.888681375,follower2,streaming,async,0.0,0.000309
38211.943170625,follower2,streaming,async,176.0,0.000301
38211.993852541,follower2,streaming,async,176.0,0.000133
38212.046513833,follower2,streaming,async,176.0,0.000164
38212.100831541,follower2,streaming,async,176.0,4.8e-05
38212.155221833,follower2,streaming,async,176.0,7e-05
38212.2098065,follower2,streaming,async,176.0,0.000126
38212.264409916,follower2,streaming,async,176.0,0.000296
38212.317342291,follower2,streaming,async,0.0,0.000257
38212.371156083,follower2,streaming,async,176.0,7.6e-05
38212.421934458,follower2,streaming,async,176.0,0.000336
38212.473090791,follower2,streaming,async,176.0,4.8e-05
38212.525691666,follower1,streaming,async,10570152.0,0.043153
38212.525691666,follower2,streaming,async,176.0,0.000166
38212.580244791,follower1,streaming,async,7288936.0,0.104462
38212.580244791,follower2,streaming,async,0.0,0.001965
38212.635551291,follower1,streaming,async,280.0,0.000232
38212.635551291,follower2,streaming,async,280.0,0.000219
38212.685870041,follower1,streaming,async,176.0,9.7e-05
38212.685870041,follower2,streaming,async,176.0,6.1e-05
38212.737152625,follower1,streaming,async,0.0,0.000308
38212.737152625,follower2,streaming,async,0.0,0.000339
38212.791652083,follower1,streaming,async,176.0,4.2e-05
38212.791652083,follower2,streaming,async,176.0,3.5e-05
38212.846225541,follower1,streaming,async,176.0,5.1e-05
38212.846225541,follower2,streaming,async,0.0,0.000378
38212.900174041,follower1,streaming,async,176.0,0.000217
38212.900174041,follower2,streaming,async,352.0,0.000113
38212.955283,follower1,streaming,async,176.0,0.000256
38212.955283,follower2,streaming,async,176.0,0.000231
38213.006341833,follower1,streaming,async,176.0,0.000203
38213.006341833,follower2,streaming,async,176.0,8.5e-05
38213.059166041,follower1,streaming,async,176.0,7.7e-05
38213.059166041,follower2,streaming,async,176.0,3.8e-05
38213.10954,follower1,streaming,async,280.0,7.7e-05
38213.10954,follower2,streaming,async,0.0,0.000154
38213.16137375,follower1,streaming,async,0.0,0.000384
38213.16137375,follower2,streaming,async,0.0,0.000393
38213.212342166,follower1,streaming,async,176.0,0.000212
38213.212342166,follower2,streaming,async,0.0,0.000191
38213.266322708,follower1,streaming,async,0.0,0.000212
38213.266322708,follower2,streaming,async,176.0,3.9e-05
38213.319604666,follower1,streaming,async,176.0,0.000214
38213.319604666,follower2,streaming,async,176.0,0.000253
38213.370053375,follower1,streaming,async,176.0,5.1e-05
38213.370053375,follower2,streaming,async,176.0,0.000185
38213.42038925,follower1,streaming,async,0.0,0.000231
38213.42038925,follower2,streaming,async,0.0,0.000206
38213.471193833,follower1,streaming,async,176.0,0.000333
38213.471193833,follower2,streaming,async,176.0,3.5e-05
38213.521501083,follower1,streaming,async,176.0,0.000187
38213.521501083,follower2,streaming,async,552.0,0.000255
38213.573581625,follower1,streaming,async,352.0,0.000416
38213.573581625,follower2,streaming,async,176.0,0.000353
38213.62804425,follower1,streaming,async,352.0,0.000268
38213.62804425,follower2,streaming,async,176.0,4.4e-05
38213.683461208,follower1,streaming,async,176.0,0.000159
38213.683461208,follower2,streaming,async,176.0,0.00017
38213.736621833,follower1,streaming,async,176.0,0.000231
38213.736621833,follower2,streaming,async,176.0,0.000192
38213.7871105,follower1,streaming,async,176.0,5.9e-05
38213.7871105,follower2,streaming,async,176.0,3.9e-05
38213.837669875,follower1,streaming,async,176.0,6e-05
38213.837669875,follower2,streaming,async,0.0,0.0002
38213.889678625,follower1,streaming,async,176.0,4e-05
38213.889678625,follower2,streaming,async,176.0,5.5e-05
38213.940557958,follower1,streaming,async,176.0,0.000196
38213.940557958,follower2,streaming,async,176.0,5.6e-05
38213.9911695,follower1,streaming,async,176.0,8.4e-05
38213.9911695,follower2,streaming,async,176.0,6e-05
38214.041827083,follower1,streaming,async,176.0,-1.0
38214.041827083,follower2,streaming,async,176.0,4e-05
38214.096206333,follower1,streaming,async,176.0,0.000272
38214.096206333,follower2,streaming,async,0.0,0.000317
38214.150009708,follower1,streaming,async,176.0,4e-05
38214.150009708,follower2,streaming,async,176.0,5e-05
38214.204562333,follower1,streaming,async,176.0,0.000174
38214.204562333,follower2,streaming,async,176.0,4.5e-05
38214.255362541,follower1,streaming,async,352.0,0.000208
38214.255362541,follower2,streaming,async,176.0,0.000197
38214.310369833,follower1,streaming,async,176.0,0.000238
38214.310369833,follower2,streaming,async,176.0,0.0002
38214.361437125,follower1,streaming,async,176.0,0.00052
38214.361437125,follower2,streaming,async,176.0,4.4e-05
38214.415965125,follower1,streaming,async,176.0,0.000105
38214.415965125,follower2,streaming,async,176.0,7.2e-05
38214.4665385,follower1,streaming,async,176.0,0.000193
38214.4665385,follower2,streaming,async,176.0,5.1e-05
38214.517318541,follower1,streaming,async,176.0,9.3e-05
38214.517318541,follower2,streaming,async,176.0,4.3e-05
38214.57153825,follower1,streaming,async,176.0,4.6e-05
38214.57153825,follower2,streaming,async,176.0,6.3e-05
38214.622056291,follower1,streaming,async,176.0,6.2e-05
38214.622056291,follower2,streaming,async,176.0,5.1e-05
38214.677066125,follower1,streaming,async,176.0,0.000529
38214.677066125,follower2,streaming,async,0.0,0.000303
38214.727480791,follower1,streaming,async,176.0,6e-05
38214.727480791,follower2,streaming,async,176.0,5.8e-05
38214.782648958,follower1,streaming,async,0.0,0.000221
38214.782648958,follower2,streaming,async,176.0,5.5e-05
38214.833004,follower1,streaming,async,176.0,5.7e-05
38214.833004,follower2,streaming,async,176.0,5.4e-05
38214.885060458,follower1,streaming,async,176.0,3.6e-05
38214.885060458,follower2,streaming,async,176.0,0.000187
38214.937220083,follower1,streaming,async,176.0,0.000572
38214.937220083,follower2,streaming,async,176.0,0.000105
38214.987812708,follower1,streaming,async,176.0,0.000177
38214.987812708,follower2,streaming,async,176.0,5.3e-05
38215.040782625,follower1,streaming,async,0.0,0.000288
38215.040782625,follower2,streaming,async,176.0,0.00015
38215.095252416,follower1,streaming,async,176.0,0.000579
38215.095252416,follower2,streaming,async,176.0,0.000978
38215.147264166,follower1,streaming,async,0.0,0.000215
38215.147264166,follower2,streaming,async,0.0,0.000163
38215.19862825,follower1,streaming,async,176.0,0.000115
38215.19862825,follower2,streaming,async,176.0,8.8e-05
38215.250193916,follower1,streaming,async,176.0,5.7e-05
38215.250193916,follower2,streaming,async,0.0,0.000189
38215.301185583,follower1,streaming,async,176.0,5.4e-05
38215.301185583,follower2,streaming,async,176.0,0.000178
38215.351626875,follower1,streaming,async,0.0,0.000328
38215.351626875,follower2,streaming,async,0.0,0.000504
38215.406945125,follower1,streaming,async,176.0,0.000176
38215.406945125,follower2,streaming,async,176.0,0.000204
38215.461964041,follower1,streaming,async,176.0,5.4e-05
38215.461964041,follower2,streaming,async,176.0,3.3e-05
38215.513185166,follower1,streaming,async,176.0,0.000336
38215.513185166,follower2,streaming,async,176.0,6.6e-05
38215.568160541,follower1,streaming,async,176.0,6.9e-05
38215.568160541,follower2,streaming,async,176.0,0.000196
38215.622238541,follower1,streaming,async,176.0,9.1e-05
38215.622238541,follower2,streaming,async,176.0,3.6e-05
38215.673182625,follower1,streaming,async,176.0,0.000198
38215.673182625,follower2,streaming,async,176.0,4.8e-05
38215.725805666,follower1,streaming,async,176.0,4.5e-05
38215.725805666,follower2,streaming,async,176.0,9e-05
38215.779735458,follower1,streaming,async,176.0,9.4e-05
38215.779735458,follower2,streaming,async,176.0,0.000374
38215.834245333,follower1,streaming,async,176.0,0.000367
38215.834245333,follower2,streaming,async,176.0,0.000338
38215.888965208,follower1,streaming,async,176.0,0.000374
38215.888965208,follower2,streaming,async,176.0,0.000114
38215.9396605,follower1,streaming,async,176.0,6.5e-05
38215.9396605,follower2,streaming,async,0.0,0.000189
38215.990145291,follower1,streaming,async,176.0,0.000172
38215.990145291,follower2,streaming,async,176.0,2.9e-05
38216.040714166,follower1,streaming,async,0.0,0.000197
38216.040714166,follower2,streaming,async,200.0,9e-05
38216.096004,follower1,streaming,async,176.0,0.000285
38216.096004,follower2,streaming,async,0.0,-1.0
38216.149367041,follower1,streaming,async,176.0,0.000448
38216.149367041,follower2,streaming,async,176.0,5.3e-05
38216.200100541,follower1,streaming,async,176.0,8.4e-05
38216.200100541,follower2,streaming,async,176.0,0.000155
38216.252449791,follower1,streaming,async,0.0,0.000375
38216.252449791,follower2,streaming,async,0.0,0.000399
38216.304051625,follower1,streaming,async,176.0,6e-05
38216.304051625,follower2,streaming,async,176.0,0.000397
38216.354557208,follower1,streaming,async,352.0,0.000563
38216.354557208,follower2,streaming,async,352.0,0.00081
38216.405136416,follower1,streaming,async,176.0,3.6e-05
38216.405136416,follower2,streaming,async,176.0,5.9e-05
38216.459938458,follower1,streaming,async,176.0,3.3e-05
38216.459938458,follower2,streaming,async,176.0,0.000211
38216.514223,follower1,streaming,async,176.0,0.000214
38216.514223,follower2,streaming,async,176.0,0.00017
38216.564612541,follower1,streaming,async,176.0,0.000246
38216.564612541,follower2,streaming,async,176.0,6.1e-05
38216.616173333,follower1,streaming,async,280.0,6.7e-05
38216.616173333,follower2,streaming,async,280.0,8e-05
38216.666649958,follower1,streaming,async,176.0,0.000153
38216.666649958,follower2,streaming,async,176.0,0.000205
38216.718061958,follower1,streaming,async,0.0,0.000211
38216.718061958,follower2,streaming,async,176.0,9.2e-05
38216.768838416,follower1,streaming,async,176.0,5.4e-05
38216.768838416,follower2,streaming,async,176.0,3.6e-05
38216.819366,follower1,streaming,async,176.0,5e-05
38216.819366,follower2,streaming,async,176.0,8.8e-05
38216.869595791,follower1,streaming,async,0.0,0.000168
38216.869595791,follower2,streaming,async,176.0,4.3e-05
38216.923703375,follower1,streaming,async,176.0,5.8e-05
38216.923703375,follower2,streaming,async,0.0,0.000201
38216.978433583,follower1,streaming,async,176.0,0.000217
38216.978433583,follower2,streaming,async,176.0,0.000178
38217.031717791,follower1,streaming,async,352.0,0.000233
38217.031717791,follower2,streaming,async,176.0,0.000176
38217.081982541,follower1,streaming,async,176.0,0.000169
38217.081982541,follower2,streaming,async,176.0,0.000388
38217.132334125,follower1,streaming,async,176.0,3.9e-05
38217.132334125,follower2,streaming,async,176.0,3.5e-05
38217.182762458,follower1,streaming,async,176.0,0.000212
38217.182762458,follower2,streaming,async,176.0,0.000255
38217.236146125,follower1,streaming,async,0.0,0.000139
38217.236146125,follower2,streaming,async,0.0,0.000186
38217.286809166,follower1,streaming,async,176.0,5e-05
38217.286809166,follower2,streaming,async,176.0,6.3e-05
38217.337812208,follower1,streaming,async,176.0,0.000424
38217.337812208,follower2,streaming,async,176.0,0.000301
38217.392237541,follower1,streaming,async,176.0,0.000604
38217.392237541,follower2,streaming,async,176.0,0.000494
38217.446592375,follower1,streaming,async,352.0,3.3e-05
38217.446592375,follower2,streaming,async,176.0,0.000352
38217.501107791,follower1,streaming,async,176.0,0.000358
38217.501107791,follower2,streaming,async,176.0,0.000335
38217.555979416,follower1,streaming,async,176.0,5.1e-05
38217.555979416,follower2,streaming,async,176.0,6.3e-05
38217.606612458,follower1,streaming,async,176.0,5.5e-05
38217.606612458,follower2,streaming,async,352.0,0.000172
38217.6593815,follower1,streaming,async,176.0,0.000382
38217.6593815,follower2,streaming,async,176.0,0.000398
38217.713151416,follower1,streaming,async,0.0,0.000187
38217.713151416,follower2,streaming,async,0.0,0.000189
